discount,total_profit,avg_profit,total_orders
0,383080.33,42.263938,9064
1,-97065.74,-105.277375,922
